Length,Date
51,Late
52,Late
54,Late
56,Late
57,Late
58,Late
60,Late
60,Late
61,Late
62,Late
62,Late
63,Late
63,Late
63,Late
65,Late
65,Late
66,Late
67,Late
68,Late
68,Late
70,Late
70,Late
70,Late
70,Late
71,Late
74,Late
75,Late
77,Late
78,Late
78,Late
80,Late
80,Late
82,Late
82,Late
87,Late
54,Early
56,Early
74,Early
84,Early
85,Early
85,Early
87,Early
88,Early
89,Early
90,Early
90,Early
92,Early
92,Early
92,Early
92,Early
93,Early
93,Early
93,Early
93,Early
93,Early
94,Early
94,Early
94,Early
95,Early
95,Early
95,Early
96,Early
96,Early
97,Early
97,Early
97,Early
98,Early
98,Early
100,Early
100,Early
100,Early
100,Early
101,Early
102,Early
103,Early
104,Early
104,Early
104,Early
104,Early
105,Early
107,Early
108,Early
108,Early
111,Early
115,Early
115,Early
116,Early
123,Early
128,Early
